family,total_abs_error,total_actual_sales,wape_percent
"BABY CARE",13659.00,10051.00,135.90
"HOME APPLIANCES",47675.00,41512.00,114.85
HARDWARE,107124.00,103101.00,103.90
BOOKS,6621.00,6438.00,102.84
"SCHOOL AND OFFICE SUPPLIES",215255.00,269316.00,79.93
LINGERIE,417687.00,650173.00,64.24
"HOME AND KITCHEN I",1190816.00,1861491.00,63.97
MAGAZINES,166675.00,266359.00,62.58
BEAUTY,197144.00,336846.00,58.53
"LAWN AND GARDEN",317154.00,548095.00,57.86
AUTOMOTIVE,319077.00,553346.00,57.66
CELEBRATION,430761.00,761177.00,56.59
"HOME AND KITCHEN II",808233.00,1520670.00,53.15
"PLAYERS AND ELECTRONICS",288588.00,562608.00,51.29
LADIESWEAR,324723.00,651159.00,49.87
"LIQUOR,WINE,BEER",3818813.00,7728272.00,49.41
"PET SUPPLIES",175951.00,356584.00,49.34
"FROZEN FOODS",6443162.95,14041765.29,45.89
"GROCERY II",888584.00,1955772.00,45.43
SEAFOOD,604772.69,2007896.30,30.12
"HOME CARE",4507309.00,16022744.00,28.13
"PERSONAL CARE",6804719.00,24503262.00,27.77
EGGS,3767115.00,15537205.00,24.25
CLEANING,21546603.00,97144058.00,22.18
"PREPARED FOODS",1921401.16,8770774.05,21.91
"GROCERY I",70830911.17,342450547.52,20.68
MEATS,6352209.08,30966227.75,20.51
BEVERAGES,43671350.00,216559691.00,20.17
DELI,4834944.81,24033597.41,20.12
POULTRY,6382961.09,31801094.54,20.07
PRODUCE,23472437.65,122704711.07,19.13
BREAD/BAKERY,6766251.81,42005484.46,16.11
DAIRY,10336944.00,64365455.00,16.06
