state,total_abs_error,total_actual_sales,wape_percent
"Santa Elena",4361936.79,11392084.34,38.29
Pastaza,1150705.65,4090202.86,28.13
Cotopaxi,5108851.49,21124128.09,24.18
"Los Rios",7540377.51,31854266.72,23.67
Esmeraldas,3793786.79,16361317.10,23.19
Chimborazo,2621406.42,11349877.48,23.10
Manabi,5657948.52,24942319.08,22.68
Imbabura,2544790.43,11418334.37,22.29
Guayas,36452134.02,164832221.54,22.11
"Santo Domingo de los Tsachilas",7795528.11,35748551.10,21.81
"El Oro",7245893.68,33331626.88,21.74
Azuay,10555599.19,49064527.40,21.51
Bolivar,2704260.93,13022344.88,20.77
Loja,3839630.43,18808086.89,20.41
Pichincha,118688563.11,583574381.36,20.34
Tungurahua,7916219.34,40183213.30,19.70
